1,Niceville,Tate Taylor,1999-09-15,140,1
2,Svindel på højt plan,Brett Ratner,1998-08-15,115,2
3,Løvernes konge,Disney,1997-07-12,89,3
4,Venskab med fryns,Ivan Reitman,1996-06-05,110,2
5,Tømmermænd i Thailand,Tood Phillip,1992-04-26,120,2
6,Fast and Furious 5,Justin Lin,1990-03-24,130,4
7,Red Riding Hood,Chatherine Hardwicke,1997-02-20,125,5
8,Ritualet,Mikael Hafstrøm,1994-05-06,108,6
9,Yogi Bear,Eric Brevig,1996-05-02,80,3
10,The Twilight Saga,Bill Condon,1994-03-04,125,1
11,Rejsen til jordens indre,Eric Brevig,1996-02-04,120,4